-0.0,-1.1775,0.758992,0.0,0.0,0.0
-0.0,-1.171367,0.755926,0.00999699999999848,0.0,0.0
-0.0,-1.165234,0.762059,0.020007999999990034,0.0,0.0
-0.0,-1.152969,0.780457,0.030004999999988513,1.430950000000005,2.4786416666666655
-0.0,-1.137637,0.811121,0.03999999999999204,1.5331999999999883,3.551966666666671
-0.0,-1.122305,0.850985,0.04999699999999052,1.6609999999999996,4.420750000000001
-0.0,-1.103906,0.900047,0.060007999999982076,2.0443166666666737,5.519491666666669
-0.0,-1.082441,0.961375,0.07000499999998056,1.9931416666666628,6.618300000000006
-0.0,-1.064043,1.031902,0.07999999999998408,1.993150000000001,7.48715
-0.0,-1.042578,1.111629,0.08999699999998256,2.0186999999999973,8.560399999999998
-0.0,-1.02418,1.203621,0.10000800000000254,1.8654083333333276,9.863600000000005
-0.0,-1.005781,1.307879,0.11000500000000102,1.5332000000000106,10.70690833333333
-0.0,-0.993516,1.41827,0.12000000000000455,1.2521000000000024,11.780091666666664
-0.0,-0.98125,1.543992,0.12999700000000303,0.7921583333333242,13.03219166666668
-0.0,-0.978184,1.678914,0.14000799999999458,0.1788416666666598,14.233249999999993
-0.0,-0.978184,1.829168,0.15000499999999306,-0.5621333333333312,15.638708333333323
-0.0,-0.990449,1.991688,0.1599999999999966,-1.6609416666666628,16.941883333333323
-0.0,-1.011914,2.169539,0.16999699999999507,-2.810891666666662,18.832849999999997
-0.0,-1.048711,2.368856,0.18000799999998662,-4.676291666666663,20.800441666666668
-0.0,-1.106973,2.58657,0.1900049999999851,-7.027200000000004,23.10023333333332
-0.0,-1.189766,2.831883,0.19999999999998863,-9.735825000000002,25.987849999999977
-0.0,-1.29709,3.101727,0.2099969999999871,-10.936849999999998,27.393191666666674
-0.0,-1.401348,3.37157,0.22000799999997867,-9.735833333333318,26.01333333333333
-0.0,-1.487207,3.616883,0.23000500000000557,-7.103799999999995,22.99804999999999
-0.0,-1.542402,3.831531,0.23999999999998067,-4.165183333333345,20.136091666666648
-0.0,-1.573066,4.021649,0.24999699999997915,-2.172033333333329,18.04069166666668
-0.0,-1.588398,4.193367,0.26000799999999913,-1.0476999999999923,16.226391666666686
-0.0,-1.594531,4.346688,0.2700049999999976,5.551115123125783e-15,14.53990833333334
-0.0,-1.588398,4.484676,0.28000000000000114,1.1499166666666525,12.981083333333315
-0.0,-1.573066,4.607332,0.2899969999999996,1.712050000000002,11.805649999999979
-0.0,-1.554668,4.720789,0.30000799999999117,2.1719916666666745,10.579099999999997
-0.0,-1.530137,4.818914,0.31000499999998965,2.453158333333318,9.327000000000048
-0.0,-1.505605,4.90784,0.3199999999999932,2.759808333333332,8.304849999999941
-0.0,-1.474941,4.9845,0.32999699999999166,3.117500000000001,7.052749999999963
-0.0,-1.444277,5.048895,0.3400079999999832,3.0919583333333334,5.800658333333312
-0.0,-1.413613,5.101024,0.3500049999999817,2.8874916666666732,4.752891666666674
-0.0,-1.386016,5.143953,0.3599999999999852,2.913041666666679,3.730749999999998
-0.0,-1.355352,5.174617,0.3699969999999837,2.9386583333333163,2.274250000000063
-0.0,-1.327754,5.189949,0.3800080000000037,2.759808333333319,1.0477000000000145
-0.0,-1.300156,5.196082,0.39000500000000216,2.6064500000000086,1.4802973661668755e-14
-0.0,-1.275625,5.189949,0.4000000000000057,2.4530916666666847,-1.04769999999997
-0.0,-1.251094,5.174617,0.40999700000000416,2.2997999999999945,-2.274250000000063
-0.0,-1.229629,5.143953,0.4200079999999957,2.146508333333332,-3.730749999999998
-0.0,-1.208164,5.101024,0.4300049999999942,1.9931416666666666,-4.7528916666666365
-0.0,-1.189766,5.048895,0.4399999999999977,1.7887416666666711,-5.800658333333342
-0.0,-1.171367,4.9845,0.4499969999999962,1.9932083333333406,-7.052749999999978
-0.0,-1.149902,4.90784,0.46000799999998776,2.1465000000000107,-8.279299999999953
-0.0,-1.128437,4.818914,0.47000499999998624,2.2997999999999927,-9.505850000000017
-0.0,-1.103906,4.717723,0.47999999999998977,2.401991666666666,-10.757949999999994
-0.0,-1.079375,4.604266,0.48999699999998825,2.8619333333333405,-11.780091666666685
-0.0,-1.045645,4.48161,0.5000079999999798,3.679708333333326,-12.981149999999998
-0.0,-1.005781,4.343621,0.5100049999999783,4.395199999999997,-14.59100833333334
-0.0,-0.956719,4.190301,0.5199999999999818,5.442824999999999,-15.894183333333345
-0.0,-0.895391,4.024715,0.5299969999999803,7.001650000000006,-17.580749999999966
-0.0,-0.815664,3.837664,0.5400080000000003,8.815941666666664,-19.599449999999987
-0.0,-0.717539,3.632215,0.5500049999999987,11.1924,-21.79699166666669
-0.0,-0.591816,3.402235,0.5600000000000023,13.722183333333334,-23.943525000000026
-0.0,-0.447695,3.156922,0.5699970000000008,14.744291666666669,-25.01680000000003
-0.0,-0.303574,2.908543,0.5800079999999923,13.568825,-23.8413333333333
-0.0,-0.180918,2.684695,0.5900049999999908,10.885758333333335,-21.132641666666665
-0.0,-0.085859,2.485379,0.5999999999999943,8.330383333333334,-18.80729166666669
-0.0,-0.012266,2.307527,0.6099969999999928,6.541633333333333,-16.839708333333352
-0.0,0.045996,2.148074,0.6200079999999843,5.008508333333333,-14.974233333333336
-0.0,0.088926,2.00702,0.6300049999999828,3.7563333333333335,-13.46659166666665
-0.0,0.122656,1.878231,0.6399999999999864,3.0408416666666667,-12.137858333333314
-0.0,0.150254,1.764774,0.6499969999999848,2.427608333333333,-10.52799166666667
-0.0,0.171719,1.666649,0.6600080000000048,1.9675916666666673,-9.327000000000007
-0.0,0.190117,1.577723,0.6700050000000033,1.6864916666666647,-8.304849999999993
-0.0,0.205449,1.501063,0.6799999999999784,1.3543583333333318,-7.052749999999997
-0.0,0.217715,1.436668,0.6899970000000053,1.200991666666667,-5.85175833333334
-0.0,0.22998,1.384539,0.7000079999999969,1.226541666666666,-4.395191666666674
-0.0,0.242246,1.347742,0.7100049999999953,1.2010583333333353,-3.373049999999996
-0.0,0.254512,1.317078,0.7199999999999989,1.4054583333333326,-2.3509083333333365
-0.0,0.269844,1.301746,0.7299969999999973,1.3798416666666649,-0.8687916666666555
-0.0,0.282109,1.29868,0.7400079999999889,1.3798416666666697,0.12780833333333463
-0.0,0.297441,1.304813,0.7500049999999874,1.379908333333335,1.3798333333333246
-0.0,0.309707,1.326277,0.7599999999999909,1.3543500000000028,2.606450000000001
-0.0,0.325039,1.356942,0.7699969999999894,1.5587499999999972,3.8330666666666717
-0.0,0.340371,1.402938,0.7800079999999809,1.558749999999998,5.085091666666655
-0.0,0.355703,1.458133,0.7900049999999794,1.4054583333333328,6.132799999999991
-0.0,0.367969,1.525594,0.799999999999983,1.0477000000000014,7.180500000000014
-0.0,0.377168,1.602254,0.8099969999999814,0.9454416666666678,8.407041666666672
-0.0,0.386367,1.694246,0.8200080000000014,0.6388583333333328,9.812500000000002
-0.0,0.389434,1.798504,0.8300049999999999,0.17891666666666428,11.217958333333343
-0.0,0.389434,1.918094,0.8400000000000034,-0.43445833333333095,12.393399999999978
-0.0,0.380234,2.046883,0.8499970000000019,-1.1755000000000002,13.74768333333333
-0.0,0.364902,2.19407,0.8600079999999934,-2.2486916666666694,15.485350000000036
-0.0,0.334238,2.35659,0.8700049999999919,-3.6540833333333333,17.120799999999992
-0.0,0.291309,2.537508,0.8799999999999955,-5.110691666666665,19.113941666666655
-0.0,0.22998,2.739891,0.8899969999999939,-7.436075,21.541508333333354
-0.0,0.144121,2.966805,0.9000079999999855,-9.326916666666667,23.611341666666675
-0.0,0.049063,3.205985,0.910004999999984,-9.250333333333334,23.534683333333344
-0.0,-0.036797,3.432899,0.9199999999999875,-7.9471250000000015,22.05256666666664
-0.0,-0.107324,3.644481,0.929996999999986,-5.800583333333334,19.803850000000015
-0.0,-0.15332,3.828465,0.940008000000006,-3.9097,17.40184166666665
-0.0,-0.187051,3.994051,0.9500050000000044,-2.6064499999999993,15.61309166666669
-0.0,-0.205449,4.141238,0.9599999999999795,-1.1243333333333336,13.901041666666714
-0.0,-0.211582,4.273094,0.969996999999978,-0.408841666666668,12.5723083333333
-0.0,-0.214648,4.392684,0.980007999999998,-0.02555000000000011,11.192399999999948
-0.0,-0.211582,4.496942,0.9900049999999965,0.6643500000000001,9.812500000000018
-0.0,-0.202383,4.588934,1.0,0.9454499999999991,8.407041666666652
-0.0,-0.193184,4.665594,1.0099969999999985,1.047700000000001,7.180500000000027
-0.0,-0.180918,4.733055,1.02000799999999,1.4310083333333314,6.158349999999979
-0.0,-0.165586,4.78825,1.0300049999999885,1.379899999999999,4.906249999999987
-0.0,-0.15332,4.83118,1.039999999999992,1.3799083333333344,3.679708333333309
-0.0,-0.137988,4.861844,1.0499969999999905,1.4053916666666675,2.4530916666666664
-0.0,-0.125723,4.880242,1.060007999999982,1.2009916666666667,1.2265500000000116
-0.0,-0.113457,4.886375,1.0700049999999806,1.2521666666666662,1.4802973661668755e-14
-0.0,-0.101191,4.880242,1.079999999999984,1.07325,-1.2265500000000633
-0.0,-0.091992,4.861844,1.0899969999999826,0.8687833333333332,-2.453091666666659
-0.0,-0.082793,4.83118,1.1000080000000025,1.0988083333333336,-3.6797083333333314
-0.0,-0.070527,4.78825,1.110005000000001,1.0732583333333336,-4.931799999999997
-0.0,-0.061328,4.733055,1.1200000000000045,1.0476333333333339,-5.953949999999994
-0.0,-0.049063,4.66866,1.129997000000003,1.2265499999999998,-7.18049999999999
-0.0,-0.036797,4.588934,1.1400079999999946,1.3288000000000002,-8.63699166666668
-0.0,-0.021465,4.496942,1.150004999999993,1.8398500000000002,-9.633658333333354
-0.0,-0.0,4.39575,1.1599999999999966,2.2998000000000003,-10.834641666666672
-0.0,0.024531,4.279227,1.169996999999995,2.6830833333333333,-12.444500000000007
-0.0,0.055195,4.147371,1.1800079999999866,3.6541500000000005,-13.773308333333272
-0.0,0.098125,4.00325,1.190004999999985,4.701849999999999,-15.280883333333321
-0.0,0.150254,3.840731,1.200000999999986,6.056133333333334,-17.171841666666676
-0.0,0.220781,3.659813,1.2099979999999846,7.97265,-19.01175833333333
-0.0,0.309707,3.460496,1.2200079999999787,9.940266666666664,-20.953825000000034
-0.0,0.417031,3.242781,1.2300050000000056,11.11573333333333,-22.359175000000004
-0.0,0.527422,3.018934,1.2400009999999781,10.783525000000001,-21.797025000000012
-0.0,0.628613,2.810418,1.2499959999999817,9.148108333333337,-20.187166666666652
-0.0,0.70834,2.617235,1.2600049999999783,6.848358333333337,-17.963991666666647
-0.0,0.766602,2.451649,1.2699999999999818,4.982883333333339,-15.562049999999997
-0.0,0.809531,2.304461,1.2799969999999803,3.654083333333334,-13.773300000000011
-0.0,0.840195,2.175672,1.2900080000000003,2.3764999999999983,-12.06119166666665
-0.0,0.858594,2.062215,1.3000049999999987,1.6609999999999958,-10.732391666666663
-0.0,0.873926,1.961024,1.3100000000000023,1.0732500000000071,-9.327
-0.0,0.880059,1.875164,1.3199970000000008,0.38329166666666953,-8.151558333333336
-0.0,0.883125,1.798504,1.3300079999999923,0.3321416666666632,-6.746099999999992
-0.0,0.886191,1.740242,1.3400049999999908,-9.251858538542972e-16,-5.315091666666674
-0.0,0.883125,1.69118,1.3499999999999943,-0.33214166666666045,-4.318500000000005
-0.0,0.880059,1.654383,1.3599969999999928,-0.4599500000000034,-3.066399999999982
-0.0,0.873926,1.629852,1.3700079999999843,-0.63885833333333,-1.8398499999999929
-0.0,0.867793,1.617586,1.3800049999999828,-0.6133000000000027,-0.6133083333333382
-0.0,0.86166,1.617586,1.3899999999999864,-0.587749999999998,0.6133083333333474
-0.0,0.855527,1.629852,1.3999969999999848,-0.792149999999997,1.839850000000004
-0.0,0.846328,1.654383,1.4100080000000048,-0.7410500000000033,3.066399999999986
-0.0,0.840195,1.69118,1.4200050000000033,-0.8943416666666603,4.318500000000014
-0.0,0.82793,1.740242,1.4299999999999784,-1.252100000000006,5.315091666666681
-0.0,0.815664,1.798504,1.4399970000000053,-1.3543583333333313,6.7460999999999975
-0.0,0.800332,1.875164,1.4500079999999969,-1.6609333333333274,8.177108333333337
-0.0,0.781934,1.961024,1.4600049999999953,-2.120950000000003,9.148150000000005
-0.0,0.757402,2.059149,1.4699999999999989,-2.734258333333332,10.579099999999999
-0.0,0.726738,2.172606,1.4799969999999973,-3.5007916666666703,11.93339166666667
-0.0,0.686875,2.298328,1.490007999999989,-4.395133333333337,13.466583333333324
-0.0,0.637813,2.442449,1.5000049999999874,-5.6217416666666695,15.17876666666666
-0.0,0.573418,2.601903,1.509999999999991,-7.180558333333332,16.83970000000002
-0.0,0.493691,2.779754,1.5199969999999894,-8.969266666666668,18.78169999999999
-0.0,0.395566,2.976004,1.530007999999981,-10.297958333333334,20.289374999999975
-0.0,0.291309,3.181453,1.5400049999999794,-10.476874999999996,20.442733333333326
-0.0,0.190117,3.38077,1.549999999999983,-9.275925,19.29281666666668
-0.0,0.107324,3.564754,1.559997999999979,-7.691541666666667,17.350749999999998
-0.0,0.036797,3.727274,1.5700080000000014,-5.953950000000001,15.28094999999999
-0.0,-0.012266,3.871395,1.5800049999999999,-4.344091666666667,13.619941666666659
-0.0,-0.052129,4.000184,1.5900000000000034,-3.500791666666667,12.086750000000002
-0.0,-0.082793,4.113641,1.599997000000002,-2.7597500000000004,10.757950000000028
-0.0,-0.107324,4.214832,1.6100079999999934,-1.9675916666666666,9.173641666666647
-0.0,-0.122656,4.297625,1.620004999999992,-1.3287999999999995,7.793799999999984
-0.0,-0.134922,4.371219,1.6299999999999955,-1.0476999999999999,6.592808333333319
-0.0,-0.144121,4.429481,1.639996999999994,-0.945441666666668,5.366191666666698
-0.0,-0.15332,4.478543,1.6500079999999855,-0.5877499999999999,4.139649999999969
-0.0,-0.156387,4.512274,1.660004999999984,-0.43445833333333234,2.887558333333333
-0.0,-0.16252,4.536805,1.6699999999999875,-0.5110500000000009,1.8908916666667164
-0.0,-0.165586,4.54907,1.679996999999986,-0.10219166666666733,0.43439999999998297
-0.0,-0.165586,4.546004,1.690008000000006,-0.15329999999999883,-0.7921500000000508
-0.0,-0.168652,4.533738,1.7000050000000044,-0.20439999999999903,-1.788749999999991
-0.0,-0.168652,4.509207,1.7099999999999795,0.20439999999999903,-3.245241666666606
-0.0,-0.165586,4.469344,1.719996999999978,0.12774166666666628,-4.471858333333323
-0.0,-0.165586,4.420281,1.730007999999998,0.2810999999999992,-5.494008333333393
-0.0,-0.159453,4.358953,1.7400049999999965,0.6133083333333327,-6.7460333333333535
-0.0,-0.15332,4.28536,1.75,0.8687833333333339,-7.947100000000007
-0.0,-0.141055,4.1995,1.7599969999999985,1.5332000000000008,-9.352558333333299
-0.0,-0.122656,4.098309,1.77000799999999,2.146508333333334,-10.732391666666626
-0.0,-0.098125,3.984852,1.7800049999999885,2.7086333333333332,-12.08675000000005
-0.0,-0.067461,3.856063,1.789999999999992,3.6030500000000005,-13.619941666666662
-0.0,-0.024531,3.711942,1.7999969999999905,5.059541666666666,-15.332049999999983
-0.0,0.03373,3.549422,1.810007999999982,6.490558333333333,-17.06971666666667
-0.0,0.104258,3.37157,1.8200049999999806,7.589366666666667,-18.52621666666667
-0.0,0.183984,3.181453,1.8300009999999816,8.279258333333333,-19.216125000000016
-0.0,0.266777,2.991336,1.83999799999998,7.998233333333331,-18.526158333333317
-0.0,0.340371,2.813485,1.8500080000000025,6.465000000000002,-17.069658333333358
-0.0,0.395566,2.650965,1.8600040000000035,4.855141666666668,-15.357608333333332
-0.0,0.438496,2.506844,1.8699959999999862,3.6541500000000022,-13.46665000000001
-0.0,0.46916,2.381121,1.8800049999999828,2.5808916666666653,-11.75454166666667
-0.0,0.490625,2.270731,1.8899999999999864,1.6610083333333303,-10.425741666666648
-0.0,0.502891,2.172606,1.8999969999999848,0.8687833333333339,-9.04590000000001
-0.0,0.509023,2.089813,1.9100080000000048,0.45995000000000436,-7.640508333333337
-0.0,0.51209,2.019285,1.9200050000000033,-0.02555000000000011,-6.4394416666666565
-0.0,0.509023,1.961024,1.9299999999999784,-0.33220833333333555,-5.238450000000002
-0.0,0.505957,1.915027,1.9399970000000053,-0.4343916666666679,-3.807516666666677
-0.0,0.499824,1.884363,1.9500079999999969,-0.8177083333333335,-2.5808250000000017
-0.0,0.490625,1.862899,1.9600049999999953,-0.7410500000000024,-1.5587583333333377
-0.0,0.484492,1.853699,1.9699999999999989,-0.8943416666666635,-0.28110000000000823
-0.0,0.472227,1.856766,1.9799969999999973,-1.2776499999999977,0.7410500000000024
-0.0,0.459961,1.869031,1.990007999999989,-1.2010583333333338,1.9675916666666702
-0.0,0.447695,1.896629,2.0000049999999874,-1.379900000000002,3.4241583333333345
-0.0,0.432363,1.936492,2.009999999999991,-1.507641666666669,4.420750000000007
-0.0,0.417031,1.985555,2.0199969999999894,-1.8143000000000016,5.647291666666651
-0.0,0.395566,2.049949,2.030007999999981,-2.3253583333333316,7.078308333333337
-0.0,0.371035,2.12661,2.0400049999999794,-2.58083333333333,8.279300000000013
-0.0,0.343438,2.215535,2.049999999999983,-3.015291666666665,9.505841666666681
-0.0,0.309707,2.316727,2.0599969999999814,-3.781958333333335,10.68135833333335
-0.0,0.266777,2.430184,2.0700080000000014,-4.906241666666667,12.265591666666646
-0.0,0.211582,2.562039,2.080005,-5.979499999999999,13.824350000000004
-0.0,0.147187,2.70616,2.0900000000000034,-7.027208333333333,15.153141666666677
-0.0,0.070527,2.865613,2.099997000000002,-8.355891666666668,16.839724999999977
-0.0,-0.018398,3.040399,2.1100079999999934,-9.199225000000002,17.631883333333317
-0.0,-0.110391,3.215184,2.120004999999992,-9.020375000000001,17.47845000000001
-0.0,-0.19625,3.386902,2.1299999999999955,-8.049308333333332,16.328616666666672
-0.0,-0.269844,3.540223,2.139996999999994,-6.567191666666663,14.718749999999988
-0.0,-0.328105,3.681277,2.1500079999999855,-5.340641666666668,13.211099999999988
-0.0,-0.377168,3.803934,2.160004999999984,-4.293008333333337,11.447950000000008
-0.0,-0.413965,3.911258,2.1699999999999875,-3.16865,10.119150000000014
-0.0,-0.441563,4.006317,2.179996999999986,-2.4275416666666683,8.764799999999989
-0.0,-0.463027,4.086043,2.190008000000006,-1.8142333333333325,7.154941666666689
-0.0,-0.478359,4.150438,2.2000050000000044,-1.3543583333333318,5.953949999999971
-0.0,-0.490625,4.205633,2.2099999999999795,-1.0732500000000011,4.931799999999983
-0.0,-0.499824,4.248563,2.219996999999978,-0.7666000000000006,3.6797083333333314
-0.0,-0.505957,4.279227,2.230007999999998,-0.43439166666666607,2.478641666666692
-0.0,-0.509023,4.297625,2.2400049999999965,-0.3066500000000023,1.0221500000000032
-0.0,-0.51209,4.300692,2.25,-0.17891666666666936,7.401486830834377e-15
-0.0,-0.51209,4.297625,2.2599969999999985,0.15336666666666926,-1.0221500000000106
-0.0,-0.509023,4.279227,2.27000799999999,0.4855000000000026,-2.504191666666674
-0.0,-0.502891,4.248563,2.2800049999999885,0.6132416666666687,-3.500858333333283
-0.0,-0.496758,4.208699,2.289999999999992,0.7410499999999987,-4.7529583333333205
-0.0,-0.487559,4.153504,2.2999969999999905,1.0476999999999959,-5.9794333333333585
-0.0,-0.475293,4.08911,2.310007999999982,1.507641666666669,-7.180499999999998
-0.0,-0.456895,4.009383,2.3200049999999806,2.1465,-8.611508333333337
-0.0,-0.432363,3.917391,2.329999999999984,2.7342583333333335,-9.786941666666657
-0.0,-0.401699,3.813133,2.3399969999999826,3.5007833333333336,-11.192408333333326
-0.0,-0.361836,3.693543,2.3500080000000025,4.4207499999999955,-12.572241666666665
-0.0,-0.312773,3.561688,2.360005000000001,5.545108333333334,-13.977699999999993
-0.0,-0.251445,3.4145,2.3700000000000045,6.465000000000001,-15.229875000000037
-0.0,-0.183984,3.258113,2.379997000000003,7.308266666666665,-16.22634999999999
-0.0,-0.107324,3.092528,2.3900079999999946,7.538216666666668,-16.430824999999984
-0.0,-0.036797,2.933074,2.400004999999993,6.439450000000001,-15.408716666666693
-0.0,0.021465,2.785887,2.4099999999999966,5.545108333333334,-13.952149999999998
-0.0,0.073594,2.654031,2.419996999999995,4.471858333333334,-12.597800000000005
-0.0,0.110391,2.534442,2.4300079999999866,3.1430333333333325,-11.03904166666665
-0.0,0.137988,2.43325,2.440004999999985,2.4275416666666674,-9.454808333333336
-0.0,0.159453,2.344324,2.4499999999999886,1.8398583333333338,-8.279300000000015
-0.0,0.174785,2.267664,2.459996999999987,1.2009916666666658,-7.052691666666659
-0.0,0.183984,2.20327,2.4700079999999787,0.7666000000000002,-5.8516999999999895
-0.0,0.190117,2.151141,2.4800050000000056,0.2810999999999992,-4.420749999999988
-0.0,0.190117,2.114344,2.4899999999999807,-0.025558333333333915,-3.1941999999999915
-0.0,0.190117,2.086746,2.499996999999979,-0.15329166666666685,-2.1465000000000143
-0.0,0.187051,2.071414,2.510007999999999,-0.3066583333333324,-1.0988083333333418
-0.0,0.183984,2.065281,2.5200049999999976,-0.4343916666666658,0.15335833333334586
-0.0,0.177852,2.074481,2.530000000000001,-0.7666000000000014,1.3798999999999895
-0.0,0.168652,2.092879,2.5399969999999996,-1.0988083333333336,2.60644999999999
-0.0,0.156387,2.12661,2.550007999999991,-1.2009916666666667,3.8841083333333213
-0.0,0.144121,2.169539,2.5600049999999896,-1.5076499999999995,4.701783333333362
-0.0,0.125723,2.221668,2.569999999999993,-2.0187,5.953949999999997
-0.0,0.104258,2.289129,2.5799969999999917,-2.2486916666666668,7.384958333333336
-0.0,0.079727,2.368856,2.590007999999983,-2.9131,8.585949999999999
-0.0,0.045996,2.460848,2.6000049999999817,-3.500858333333334,9.812499999999995
-0.0,0.009199,2.565106,2.609999999999985,-4.241833333333334,11.013491666666676
-0.0,-0.039863,2.681629,2.6199969999999837,-5.4173,12.418950000000008
-0.0,-0.098125,2.813485,2.6300080000000037,-6.132866666666667,13.901075000000004
-0.0,-0.16252,2.957606,2.640005000000002,-6.97605,14.642049999999985
-0.0,-0.236113,3.104793,2.6500000000000057,-7.308258333333332,14.948708333333313
-0.0,-0.306641,3.255047,2.659997000000004,-6.976125,14.872075
-0.0,-0.374102,3.399168,2.6700079999999957,-6.183899999999998,13.696600000000007
-0.0,-0.429297,3.527957,2.680004999999994,-5.0595500000000015,12.265658333333333
-0.0,-0.475293,3.644481,2.6899999999999977,-3.960741666666666,10.911308333333356
-0.0,-0.509023,3.745672,2.699996999999996,-3.0408416666666676,9.301375000000013
-0.0,-0.536621,3.831531,2.7100079999999878,-2.2743083333333325,8.126008333333353
-0.0,-0.55502,3.908192,2.7200049999999862,-1.6609999999999978,6.8994583333333415
-0.0,-0.570352,3.96952,2.7299999999999898,-1.226541666666675,5.672850000000004
-0.0,-0.579551,4.021649,2.7399969999999882,-0.7410499999999997,4.446241666666647
-0.0,-0.585684,4.058445,2.75000799999998,-0.45994999999999603,3.194141666666665
-0.0,-0.58875,4.086043,2.7600049999999783,-0.1788500000000017,2.1720583333333527
-0.0,-0.58875,4.101375,2.769999999999982,0.33219999999999456,0.919958333333315
-0.0,-0.582617,4.104442,2.7799969999999803,0.6644166666666645,-0.33220833333335403
-0.0,-0.576484,4.095242,2.7900080000000003,0.5621333333333414,-1.379908333333287
-0.0,-0.570352,4.076844,2.8000049999999987,0.8943416666666676,-2.4275333333333577
-0.0,-0.558086,4.04618,2.8100000000000023,1.4054583333333335,-3.6797083333333314
-0.0,-0.542754,4.00325,2.8199970000000008,1.6609999999999958,-4.931799999999961
-0.0,-0.524355,3.948055,2.8300079999999923,2.146508333333333,-5.953950000000023
-0.0,-0.499824,3.88366,2.840004999999991,2.606383333333336,-7.180500000000012
-0.0,-0.472227,3.803934,2.8499999999999943,3.015291666666667,-8.636991666666649
-0.0,-0.438496,3.711942,2.859996999999993,3.8075166666666687,-9.659208333333329
-0.0,-0.395566,3.61075,2.8700079999999843,4.778441666666665,-10.706899999999994
-0.0,-0.343438,3.497293,2.880004999999983,5.545041666666667,-11.984558333333315
-0.0,-0.285176,3.37157,2.8899999999999864,6.132866666666668,-13.083299999999994
-0.0,-0.220781,3.236649,2.899996999999985,6.848308333333332,-13.952108333333328
-0.0,-0.150254,3.095594,2.910008000000005,6.848316666666668,-13.747783333333308
-0.0,-0.085859,2.963738,2.9200050000000033,6.183908333333333,-12.930000000000005
-0.0,-0.027598,2.838016,2.9299999999999784,5.187283333333334,-11.831199999999997
-0.0,0.018398,2.727625,2.9399970000000053,4.446308333333333,-10.553549999999985
-0.0,0.061328,2.626434,2.950007999999997,3.7052583333333335,-9.556950000000013
-0.0,0.091992,2.537508,2.9600049999999953,2.7086333333333337,-8.126008333333342
-0.0,0.116523,2.463914,2.969999999999999,2.1465083333333324,-6.694991666666653
-0.0,0.134922,2.402586,2.9799969999999973,1.482091666666667,-5.672849999999982
-0.0,0.147187,2.350457,2.990007999999989,1.2265416666666682,-4.625149999999997
-0.0,0.159453,2.310594,3.0000049999999874,0.9710666666666664,-3.3730500000000148
-0.0,0.165586,2.282996,3.009999999999991,0.25554166666666667,-2.1465083333333377
-0.0,0.165586,2.267664,3.0199969999999894,-0.02555833333333322,-0.8943416666666575
-0.0,0.165586,2.264598,3.030007999999981,-0.15329166666666802,0.17890833333333855
-0.0,0.16252,2.270731,3.0400049999999794,-0.28109999999999896,1.0221416666666687
-0.0,0.159453,2.286063,3.049999999999983,-0.5877499999999999,2.299800000000004
-0.0,0.150254,2.316727,3.0599969999999814,-1.0988000000000007,3.5519000000000043
-0.0,0.137988,2.35659,3.0700080000000014,-1.35435,4.599599999999982
-0.0,0.122656,2.408719,3.080005,-1.8398499999999993,5.647299999999985
-0.0,0.101191,2.470047,3.0900000000000034,-2.27425,6.92495
-0.0,0.07666,2.546707,3.099997000000002,-2.913041666666667,7.972650000000007
-0.0,0.04293,2.6295,3.1100079999999934,-3.5263500000000003,8.99479166666668
-0.0,0.006133,2.727625,3.120004999999992,-4.1141,10.502466666666658
-0.0,-0.039863,2.838016,3.1299999999999955,-4.957358333333333,11.371249999999982
-0.0,-0.091992,2.954539,3.139996999999994,-5.39175,12.16339999999997
-0.0,-0.147187,3.080262,3.1500079999999855,-5.749508333333332,12.700083333333342
-0.0,-0.205449,3.205985,3.160004999999984,-5.596216666666664,12.342250000000018
-0.0,-0.257578,3.325574,3.1699999999999875,-4.906241666666668,11.498991666666647
-0.0,-0.303574,3.435965,3.179996999999986,-4.3185583333333355,10.783566666666689
-0.0,-0.343438,3.540223,3.190008000000006,-3.526408333333334,9.710308333333348
-0.0,-0.374102,3.629149,3.2000050000000044,-2.734191666666665,8.228191666666651
-0.0,-0.398633,3.705809,3.2099999999999795,-2.146441666666666,7.206050000000001
-0.0,-0.417031,3.77327,3.219996999999978,-1.5332,6.183908333333325
-0.0,-0.429297,3.828465,3.230007999999998,-0.8944083333333352,4.701783333333313
-0.0,-0.43543,3.868328,3.2400049999999965,-0.4343916666666693,3.679708333333339
-0.0,-0.438496,3.902059,3.25,-0.15329166666666572,2.6064499999999975
-0.0,-0.438496,3.920457,3.2599969999999985,0.15329166666666802,1.533200000000005
-0.0,-0.43543,3.932723,3.27000799999999,0.45994999999999975,0.4855000000000239
-0.0,-0.429297,3.929656,3.2800049999999885,0.766599999999997,-0.817708333333352
-0.0,-0.420098,3.917391,3.289999999999992,1.0732500000000016,-1.6609333333333476
-0.0,-0.407832,3.895926,3.2999969999999905,1.354350000000001,-2.7342583333333432
-0.0,-0.3925,3.862195,3.310007999999982,1.8653999999999973,-4.01190833333331
-0.0,-0.371035,3.816199,3.3200049999999806,2.120950000000003,-5.0851000000000015
-0.0,-0.34957,3.761004,3.329999999999984,2.5808999999999975,-5.9283333333333434
-0.0,-0.318906,3.69661,3.3399969999999826,3.2196916666666686,-7.231608333333303
-0.0,-0.285176,3.616883,3.3500080000000025,3.833000000000003,-8.304858333333343
-0.0,-0.242246,3.531024,3.360005000000001,4.471858333333332,-9.199191666666684
-0.0,-0.19625,3.432899,3.3700000000000045,4.90625,-10.144708333333323
-0.0,-0.144121,3.328641,3.379997000000003,5.391750000000001,-10.936858333333344
-0.0,-0.088926,3.215184,3.3900079999999946,5.723958333333333,-11.447908333333357
-0.0,-0.030664,3.101727,3.400004999999993,5.749508333333335,-11.243508333333311
-0.0,0.024531,2.991336,3.4099999999999966,5.2129,-10.809116666666686
-0.0,0.073594,2.887078,3.419996999999995,4.8040666666666665,-9.838049999999996
-0.0,0.11959,2.795086,3.4300079999999866,3.986291666666668,-8.713691666666657
-0.0,0.15332,2.712293,3.440004999999985,3.1941416666666673,-7.844908333333334
-0.0,0.183984,2.638699,3.4499999999999886,2.6064499999999984,-6.771658333333334
-0.0,0.205449,2.577371,3.459996999999987,1.9676583333333322,-5.493933333333309
-0.0,0.223848,2.528309,3.4700079999999787,1.5331916666666656,-4.446308333333312
-0.0,0.236113,2.488445,3.4800050000000056,1.0477000000000014,-3.3986083333333603
-0.0,0.245313,2.460848,3.4899999999999807,0.792158333333333,-2.1208833333333272
-0.0,0.251445,2.445516,3.499996999999979,0.3065833333333321,-1.0477000000000034
-0.0,0.251445,2.439383,3.510007999999999,-0.20439999999999997,-0.17890833333334966
-0.0,0.248379,2.442449,3.5200049999999976,-0.28103333333333175,0.9198916666666798
-0.0,0.245313,2.457781,3.530000000000001,-0.5621999999999993,1.9932083333333295
-0.0,0.236113,2.482313,3.5399969999999996,-1.2777166666666666,3.0664583333333146
-0.0,0.220781,2.51911,3.550007999999991,-1.5331916666666658,4.165199999999999
-0.0,0.205449,2.565106,3.5600049999999896,-1.7887500000000003,5.033991666666674
-0.0,0.183984,2.620301,3.569999999999993,-2.47865,6.1328000000000085
-0.0,0.156387,2.687762,3.5799969999999917,-2.913041666666668,7.231608333333354
-0.0,0.125723,2.764422,3.590007999999983,-3.3730583333333324,8.151491666666633
-0.0,0.088926,2.850281,3.6000049999999817,-3.8329916666666675,8.892608333333303
-0.0,0.049063,2.942274,3.609999999999985,-4.318558333333334,9.71031666666666
-0.0,0.003066,3.043465,3.6199969999999837,-4.650766666666667,10.195741666666681
-0.0,-0.04293,3.144656,3.6300080000000037,-4.6251500000000005,10.170266666666675
-0.0,-0.088926,3.245848,3.640005000000002,-4.49735,9.863608333333326
-0.0,-0.131855,3.340906,3.6500000000000057,-4.011849999999999,9.22474166666668
-0.0,-0.168652,3.429832,3.659997000000004,-3.373049999999999,8.483766666666655
-0.0,-0.199316,3.509559,3.6700079999999957,-2.7598083333333334,7.359408333333332
-0.0,-0.223848,3.57702,3.680004999999994,-2.120950000000001,6.260533333333348
-0.0,-0.242246,3.635281,3.6899999999999977,-1.6864916666666652,5.366199999999984
-0.0,-0.257578,3.684344,3.699996999999996,-1.2265499999999998,4.471858333333316
-0.0,-0.266777,3.724207,3.7100079999999878,-0.7666000000000008,3.3986000000000294
-0.0,-0.27291,3.751805,3.7200049999999862,-0.2810999999999999,2.095400000000003
-0.0,-0.27291,3.767137,3.7299999999999898,4.625929269271486e-16,1.2265416666666695
-0.0,-0.27291,3.776336,3.7399969999999882,0.2811000000000008,0.33220833333334665
-0.0,-0.266777,3.77327,3.75000799999998,0.7921583333333334,-0.7921500000000286
-0.0,-0.257578,3.761004,3.7600049999999783,1.073183333333333,-1.6610083333333174
-0.0,-0.245313,3.739539,3.769999999999982,1.379908333333332,-2.7852916666666636
-0.0,-0.22998,3.705809,3.7799969999999803,1.661008333333335,-3.6797083333333687
-0.0,-0.211582,3.665945,3.7900080000000003,2.1464333333333334,-4.574041666666658
-0.0,-0.187051,3.613817,3.8000049999999987,2.606458333333333,-5.698400000000011
-0.0,-0.159453,3.552488,3.8100000000000023,3.0664000000000002,-6.618366666666679
-0.0,-0.125723,3.481961,3.8199970000000008,3.5263416666666676,-7.359341666666638
-0.0,-0.088926,3.405301,3.8300079999999923,4.011908333333333,-8.15150000000002
-0.0,-0.045996,3.319442,3.840004999999991,4.318558333333334,-8.790358333333334
-0.0,-0.003066,3.230516,3.8499999999999943,4.471858333333334,-9.097008333333338
-0.0,0.04293,3.138524,3.859996999999993,4.471791666666667,-9.097000000000003
-0.0,0.085859,3.049598,3.8700079999999843,4.344049999999999,-8.76486666666663
-0.0,0.128789,2.963738,3.880004999999983,3.8330666666666664,-8.33040833333335
-0.0,0.16252,2.884012,3.8899999999999864,3.3730500000000028,-7.538183333333341
-0.0,0.19625,2.813485,3.899996999999985,2.964141666666668,-6.5928166666666606
-0.0,0.220781,2.752156,3.910008000000005,2.0953999999999993,-5.6728500000000075
-0.0,0.23918,2.700028,3.9200050000000033,1.6610083333333339,-4.778441666666655
-0.0,0.254512,2.657098,3.9299999999999784,1.4053916666666657,-3.6541583333333314
-0.0,0.266777,2.626434,3.9399970000000053,0.9198916666666654,-2.759741666666656
-0.0,0.27291,2.601903,3.950007999999997,0.460016666666666,-1.8653999999999837
-0.0,0.275977,2.589637,3.9600049999999953,-0.02555833333333322,-0.7411083333333365
-0.0,0.27291,2.58657,3.969999999999999,-0.3066583333333336,0.12774166666667716
-0.0,0.269844,2.592703,3.9799969999999973,-0.5876833333333308,1.2521666666666653
-0.0,0.260645,2.611102,3.990007999999989,-1.0988083333333325,2.1720583333333083
-0.0,0.248379,2.635633,4.000004999999987,-1.3543500000000006,2.8619250000000207
-0.0,0.233047,2.669363,4.009999999999991,-1.8654000000000004,4.011916666666671
-0.0,0.211582,2.71536,4.019996999999989,-2.146508333333333,4.95735833333334
-0.0,0.190117,2.767488,4.030007999999981,-2.4019833333333334,5.468375000000026
-0.0,0.16252,2.82575,4.040004999999979,-3.117508333333335,6.465074999999987
-0.0,0.128789,2.896278,4.049999999999983,-3.3730499999999997,7.257149999999987
-0.0,0.095059,2.969871,4.059996999999981,-3.705249999999999,7.6915499999999914
-0.0,0.055195,3.049598,4.070008000000001,-3.858616666666667,8.02375833333335
-0.0,0.018398,3.129324,4.080005,-3.832991666666667,7.998200000000011
-0.0,-0.021465,3.209051,4.090000000000003,-3.9096583333333332,7.870466666666661
-0.0,-0.058262,3.285711,4.099997000000002,-3.3730583333333333,7.359341666666656
-0.0,-0.088926,3.356238,4.1100079999999934,-2.8874833333333334,6.950499999999989
-0.0,-0.116523,3.423699,4.120004999999992,-2.6320083333333333,6.158416666666677
-0.0,-0.141055,3.478895,4.1299999999999955,-2.1465083333333346,5.187349999999972
-0.0,-0.159453,3.527957,4.139996999999994,-1.686491666666666,4.4717833333333425
-0.0,-0.174785,3.56782,4.1500079999999855,-1.2265499999999991,3.526416666666706
-0.0,-0.183984,3.598485,4.160004999999984,-0.7410416666666674,2.606450000000001
-0.0,-0.190117,3.619949,4.1699999999999875,-0.4600083333333322,1.6864916666666638
-0.0,-0.193184,3.632215,4.179996999999986,-0.17890833333333186,0.7410500000000061
-0.0,-0.193184,3.635281,4.190008000000006,0.3322083333333325,0.02554999999998901
-0.0,-0.187051,3.632215,4.200005000000004,0.6133000000000002,-0.9198916666666501
-0.0,-0.180918,3.616883,4.2099999999999795,0.894400000000001,-1.839858333333333
-0.0,-0.168652,3.595418,4.219996999999978,1.4054583333333321,-2.7852999999999946
-0.0,-0.15332,3.561688,4.230007999999998,1.6864916666666676,-3.526341666666651
-0.0,-0.134922,3.524891,4.2400049999999965,1.9931500000000013,-4.267458333333341
-0.0,-0.113457,3.475828,4.25,2.299799999999999,-5.2640083333333365
-0.0,-0.088926,3.420633,4.2599969999999985,2.5809000000000006,-5.851691666666674
-0.0,-0.061328,3.359305,4.27000799999999,3.1175083333333338,-6.286158333333347
-0.0,-0.027598,3.29491,4.2800049999999885,3.2452416666666664,-6.771658333333342
-0.0,0.003066,3.224383,4.289999999999992,3.194208333333334,-7.078241666666648
-0.0,0.036797,3.153856,4.299997999999988,3.4241583333333336,-7.257158333333344
-0.0,0.070527,3.080262,4.310007999999982,3.2196916666666664,-7.129416666666677
-0.0,0.101191,3.012801,4.320003999999983,3.0919499999999993,-6.41389166666666
-0.0,0.131855,2.951473,4.329995999999994,2.810916666666667,-5.979500000000008
-0.0,0.156387,2.893211,4.340004999999991,2.0953916666666665,-5.596216666666657
-0.0,0.174785,2.841082,4.349999999999994,1.8654,-4.574041666666655
-0.0,0.193184,2.801219,4.359996999999993,1.3799083333333346,-3.8329999999999975
-0.0,0.202383,2.764422,4.370007999999984,0.8943416666666669,-3.091950000000014
-0.0,0.211582,2.739891,4.380004999999983,0.6132416666666657,-2.1209499999999992
-0.0,0.214648,2.721492,4.389999999999986,0.3066583333333338,-1.405458333333339
-0.0,0.217715,2.712293,4.399996999999985,0.05110833333333333,-0.4599416666666893
-0.0,0.214648,2.712293,4.410008000000005,-0.6644166666666669,0.4855000000000239
-0.0,0.205449,2.721492,4.420005000000003,-0.945441666666666,1.252099999999993
-0.0,0.19625,2.736824,4.429999999999978,-1.0476999999999992,1.7887416666666565
-0.0,0.183984,2.758289,4.439997000000005,-1.3543500000000006,2.7853583333333285
-0.0,0.168652,2.79202,4.450007999999997,-1.8654083333333333,3.551958333333331
-0.0,0.147187,2.828817,4.460004999999995,-2.146441666666666,4.114091666666671
-0.0,0.125723,2.874813,4.469999999999999,-2.4530916666666673,4.95735833333335
-0.0,0.098125,2.926942,4.479996999999997,-2.785366666666666,5.366199999999973
-0.0,0.070527,2.982137,4.490007999999989,-2.9131,5.8516999999999895
-0.0,0.039863,3.043465,4.500004999999987,-3.09195,6.183908333333336
-0.0,0.009199,3.104793,4.509999999999991,-3.0664000000000002,6.132800000000005
-0.0,-0.021465,3.166121,4.519996999999989,-3.09195,6.158350000000013
-0.0,-0.052129,3.227449,4.530007999999981,-2.938658333333334,6.03060833333334
-0.0,-0.079727,3.285711,4.540004999999979,-2.6320083333333337,5.545108333333338
-0.0,-0.104258,3.33784,4.549999999999983,-2.1208833333333326,4.880691666666663
-0.0,-0.122656,3.383836,4.559996999999981,-1.8143000000000002,4.47185833333336
-0.0,-0.141055,3.426766,4.570008000000001,-1.7376666666666667,3.88410833333334
-0.0,-0.156387,3.460496,4.580005,-1.2265416666666669,2.8874833333333183
-0.0,-0.165586,3.485027,4.590000000000003,-0.7410500000000012,2.1465083333333452
-0.0,-0.171719,3.503426,4.599997000000002,-0.45994999999999925,1.3798999999999748
-0.0,-0.174785,3.512625,4.6100079999999934,-0.15329166666666616,0.5877499999999943
-0.0,-0.174785,3.515692,4.620004999999992,0.15329166666666572,0.02554999999999641
-0.0,-0.171719,3.512625,4.6299999999999955,0.45994999999999947,-0.7666000000000099
-0.0,-0.165586,3.50036,4.639996999999994,0.7666000000000004,-1.5331916666666594
-0.0,-0.156387,3.481961,4.6500079999999855,1.0732500000000011,-2.32541666666668
-0.0,-0.144121,3.454363,4.660004999999984,1.3799083333333342,-2.9130999999999907
-0.0,-0.128789,3.423699,4.6699999999999875,1.686491666666666,-3.5263416666666547
-0.0,-0.110391,3.383836,4.679996999999986,2.0186999999999986,-4.165208333333352
-0.0,-0.088926,3.340906,4.690008000000006,2.1465083333333346,-4.599599999999993
-0.0,-0.067461,3.291844,4.700005000000004,2.2742416666666667,-5.085099999999994
-0.0,-0.04293,3.239715,4.7099999999999795,2.657558333333333,-5.391750000000018
-0.0,-0.015332,3.18452,4.719996999999978,2.6320083333333337,-5.570658333333323
-0.0,0.009199,3.129324,4.730007999999998,2.453091666666667,-5.36626666666666
-0.0,0.03373,3.077195,4.7400049999999965,2.2998000000000003,-5.238383333333338
-0.0,0.055195,3.025067,4.75,2.1465000000000005,-4.931808333333328
-0.0,0.07666,2.97907,4.7599969999999985,2.0187583333333334,-4.446308333333316
-0.0,0.095059,2.936141,4.77000799999999,1.7121083333333333,-4.011841666666675
-0.0,0.110391,2.899344,4.7800049999999885,1.2009916666666662,-3.3986083333333346
-0.0,0.11959,2.86868,4.789999999999992,0.8943416666666658,-2.580900000000027
-0.0,0.128789,2.847215,4.7999969999999905,0.8177083333333325,-1.9931416666666721
-0.0,0.134922,2.828817,4.810007999999982,0.2811000000000001,-1.4054583333333242
-0.0,0.134922,2.819617,4.8200049999999806,-4.625929269271486e-16,-0.5877500000000018
-0.0,0.134922,2.816551,4.829999999999984,-0.30665,-7.401486830834377e-15
-0.0,0.128789,2.819617,4.839996999999983,-0.6133083333333327,0.5877500000000054
-0.0,0.122656,2.828817,4.8500080000000025,-0.9198916666666659,1.379908333333335
-0.0,0.110391,2.847215,4.860005000000001,-1.2521,2.197541666666673
-0.0,0.098125,2.871746,4.8700000000000045,-1.354358333333333,2.606458333333343
-0.0,0.082793,2.899344,4.879997000000003,-1.7120416666666671,3.0408416666666755
-0.0,0.064395,2.933074,4.890007999999995,-1.8398500000000004,3.7052583333333278
-0.0,0.045996,2.972938,4.900004999999993,-1.9932083333333332,4.190758333333355
-0.0,0.024531,3.015867,4.909999999999997,-2.1465000000000005,4.267383333333353
-0.0,0.003066,3.058797,4.919996999999995,-2.2998000000000007,4.625216666666658
-0.0,-0.021465,3.10786,4.930007999999987,-2.5042,4.8040583333333355
-0.0,-0.045996,3.153856,4.940004999999985,-2.299799999999999,4.5995999999999855
-0.0,-0.067461,3.199852,4.949999999999989,-2.146508333333334,4.471791666666658
-0.0,-0.088926,3.242781,4.959996999999987,-2.018700000000001,4.139650000000021
-0.0,-0.107324,3.282645,4.970007999999979,-1.6864916666666665,3.85861666666667
-0.0,-0.122656,3.319442,4.980005000000006,-1.3543583333333327,3.3730499999999815
-0.0,-0.134922,3.350106,4.989999999999981,-1.2521000000000015,2.938591666666668
-0.0,-0.147187,3.377703,4.999996999999979,-0.9198916666666679,2.2998000000000114
-0.0,-0.15332,3.396102,5.010007999999999,-0.5877499999999999,1.6865583333333434
-0.0,-0.159453,3.411434,5.020004999999998,-0.5111166666666653,1.0732500000000145
-0.0,-0.16252,3.417567,5.030000000000001,0.025558333333333683,0.45995000000000896
-0.0,-0.159453,3.420633,5.039997,0.3322083333333323,-0.15335833333335697
-0.0,-0.156387,3.4145,5.050007999999991,0.43439166666666695,-0.7665916666666532
-0.0,-0.150254,3.405301,5.06000499999999,0.7921499999999994,-1.3799083333333277
-0.0,-0.141055,3.386902,5.069999999999993,0.8944000000000003,-2.044250000000003
-0.0,-0.131855,3.365438,5.079996999999992,1.2266083333333344,-2.2742416666666654
-0.0,-0.116523,3.340906,5.090007999999983,1.5842999999999998,-2.75981666666667
-0.0,-0.101191,3.310242,5.100004999999982,1.5076499999999997,-3.2452416666666726
-0.0,-0.085859,3.276512,5.109999999999985,1.686500000000001,-3.5263500000000154
-0.0,-0.067461,3.239715,5.119996999999984,1.839791666666667,-3.858549999999983
-0.0,-0.049063,3.199852,5.130008000000004,2.0186999999999995,-4.011908333333325
-0.0,-0.027598,3.159988,5.140005000000002,2.018766666666667,-3.9863583333333508
-0.0,-0.009199,3.120125,5.150000000000006,1.8398500000000002,-4.011841666666675
-0.0,0.009199,3.080262,5.159997000000004,1.6864916666666665,-3.858558333333325
-0.0,0.024531,3.043465,5.170007999999996,1.5332000000000003,-3.5263416666666547
-0.0,0.039863,3.009735,5.180004999999994,1.3799000000000003,-3.245308333333323
-0.0,0.052129,2.97907,5.189999999999998,1.252166666666666,-2.7598083333333467
-0.0,0.064395,2.954539,5.199996999999996,0.919891666666667,-2.2997916666666804
-0.0,0.070527,2.933074,5.210007999999988,0.5876833333333343,-1.8654083333333147
-0.0,0.07666,2.917742,5.220004999999986,0.4855666666666667,-1.2265500000000151
-0.0,0.079727,2.908543,5.22999999999999,0.1533583333333329,-0.5876916666666898
-0.0,0.079727,2.905477,5.239996999999988,-0.17891666666666706,-0.15329999999999697
-0.0,0.07666,2.905477,5.25000799999998,-0.30664999999999987,0.28110000000001933
-0.0,0.073594,2.91161,5.260004999999978,-0.43439166666666734,0.9454499999999959
-0.0,0.067461,2.923875,5.269999999999982,-0.7666000000000002,1.4053916666666555
-0.0,0.058262,2.939207,5.27999699999998,-1.0987999999999993,1.661008333333347
-0.0,0.045996,2.957606,5.290008,-1.2521666666666667,2.1464999999999845
-0.0,0.03373,2.982137,5.300004999999999,-1.2009916666666667,2.6319999999999864
-0.0,0.021465,3.009735,5.310000000000002,-1.3542833333333335,2.913108333333344
-0.0,0.006133,3.040399,5.319997000000001,-1.737666666666667,3.24524166666668
-0.0,-0.012266,3.074129,5.330007999999992,-1.7121083333333333,3.3986083333333417
-0.0,-0.027598,3.10786,5.340004999999991,-1.5076416666666672,3.373058333333323
-0.0,-0.04293,3.14159,5.349999999999994,-1.5332000000000001,3.3985333333333534
-0.0,-0.058262,3.17532,5.359996999999993,-1.5332000000000003,3.2197583333333486
-0.0,-0.073594,3.205985,5.370007999999984,-1.5843083333333334,3.066466666666649
-0.0,-0.088926,3.236649,5.380004999999983,-1.2009916666666665,2.9385916666666643
-0.0,-0.098125,3.264246,5.389999999999986,-1.0732583333333328,2.6319416666666635
-0.0,-0.110391,3.288777,5.399996999999985,-0.94545,2.146508333333349
-0.0,-0.116523,3.307176,5.410008000000005,-0.587683333333333,1.6865583333333176
-0.0,-0.122656,3.322508,5.420005000000003,-0.4855666666666665,1.2265416666666733
-0.0,-0.125723,3.331707,5.429999999999978,-0.1277999999999998,0.7410499999999913
-0.0,-0.125723,3.33784,5.439997000000005,-1.1564823173178715e-16,0.48549999999998317
-0.0,-0.125723,3.340906,5.450007999999997,0.12780000000000039,0.02554999999999271
-0.0,-0.122656,3.33784,5.460004999999995,0.4855666666666668,-0.6387916666666568
-0.0,-0.116523,3.328641,5.469999999999999,0.6132333333333335,-1.098808333333338
-0.0,-0.110391,3.316375,5.479996999999997,0.7410500000000004,-1.3799083333333388
-0.0,-0.101191,3.301043,5.490007999999989,1.1243666666666665,-1.686491666666649
-0.0,-0.088926,3.282645,5.500004999999987,1.047633333333333,-1.993149999999999
-0.0,-0.079727,3.26118,5.509999999999991,1.2265500000000007,-2.2998000000000003
-0.0,-0.064395,3.236649,5.519996999999989,1.405458333333334,-2.632000000000001
-0.0,-0.052129,3.209051,5.530007999999981,1.3798999999999997,-2.7853666666666776
-0.0,-0.036797,3.181453,5.540004999999979,1.3799000000000001,-2.734191666666656
-0.0,-0.024531,3.153856,5.549999999999983,1.3799083333333335,-2.9385916666666754
-0.0,-0.009199,3.123192,5.559996999999981,1.4053916666666668,-2.96421666666666
-0.0,0.003066,3.095594,5.570008000000001,1.200991666666667,-2.5808916666666404
-0.0,0.015332,3.071063,5.580005,1.2521666666666667,-2.478708333333357
-0.0,0.027598,3.046531,5.590000000000003,1.0988000000000002,-2.146508333333334
-0.0,0.036797,3.028133,5.599997000000002,0.7410416666666666,-1.8397833333333113
-0.0,0.04293,3.009735,5.6100079999999934,0.6133083333333335,-1.5331999999999755
-0.0,0.049063,2.997469,5.620004999999992,0.45995,-1.2266083333333493
-0.0,0.052129,2.985203,5.6299999999999955,0.30659166666666665,-0.9710583333333375
-0.0,0.055195,2.97907,5.639996999999994,0.17885000000000015,-0.2555416666666477
-0.0,0.055195,2.97907,5.6500079999999855,-0.17885000000000015,1.1102230246251565e-14
-0.0,0.052129,2.97907,5.660004999999984,-0.33214166666666645,0.281091666666633
-0.0,0.049063,2.985203,5.6699999999999875,-0.25555000000000017,0.7922166666666601
-0.0,0.045996,2.994403,5.679996999999986,-0.6388583333333334,1.0732500000000182
-0.0,0.036797,3.006668,5.690008000000006,-0.7921500000000002,1.3798333333333024
-0.0,0.030664,3.022,5.700005000000004,-0.7410500000000001,1.712116666666678
-0.0,0.021465,3.040399,5.7099999999999795,-0.9198916666666666,1.839850000000017
-0.0,0.012266,3.058797,5.719996999999978,-1.0988083333333334,1.967591666666657
-0.0,-0.0,3.080262,5.730007999999998,-1.0732500000000003,2.3509083333333125
-0.0,-0.009199,3.104793,5.7400049999999965,-1.0732500000000003,2.299800000000015
-0.0,-0.021465,3.126258,5.75,-1.0732500000000003,2.2998000000000185
-0.0,-0.030664,3.150789,5.7599969999999985,-1.0732500000000005,2.3253499999999967
-0.0,-0.04293,3.172254,5.77000799999999,-1.0988083333333336,2.120950000000003
-0.0,-0.052129,3.193719,5.7800049999999885,-0.9198916666666666,2.1976083333333007
-0.0,-0.061328,3.215184,5.789999999999992,-0.7665999999999995,1.8398500000000095
-0.0,-0.067461,3.230516,5.7999969999999905,-0.6133083333333333,1.5076500000000346
-0.0,-0.073594,3.245848,5.810007999999982,-0.4599416666666676,1.4053916666666297
-0.0,-0.07666,3.258113,5.8200049999999806,-0.30665,1.073258333333349
-0.0,-0.079727,3.267313,5.829999999999984,-0.15335833333333349,0.766600000000021
-0.0,-0.079727,3.273445,5.839996999999983,0.02555833333333322,0.4854999999999906
-0.0,-0.079727,3.276512,5.8500080000000025,-0.051108333333332985,-0.025550000000014915
-0.0,-0.079727,3.273445,5.860005000000001,0.3322,-0.33220833333331334
-0.0,-0.073594,3.270379,5.8700000000000045,0.4855666666666665,-0.43439166666668916
-0.0,-0.070527,3.264246,5.879997000000003,0.43439166666666734,-0.7666000000000284
-0.0,-0.064395,3.255047,5.890007999999995,0.6132416666666671,-1.0988083333333492
-0.0,-0.058262,3.242781,5.900004999999993,0.7665999999999993,-1.2009916666666363
-0.0,-0.049063,3.230516,5.909999999999997,0.9455083333333335,-1.5587499999999754
-0.0,-0.039863,3.212117,5.919996999999995,0.9199583333333335,-1.7121166666666707
-0.0,-0.030664,3.196785,5.930007999999987,0.9198916666666668,-1.6609333333333365
-0.0,-0.021465,3.178387,5.940004999999985,0.9198916666666666,-1.8654083333333664
-0.0,-0.012266,3.159988,5.949999999999989,0.9199583333333335,-1.8398583333333256
-0.0,-0.003066,3.14159,5.959996999999987,0.9199583333333334,-1.83978333333333
-0.0,0.006133,3.123192,5.970007999999979,0.9454416666666667,-1.8654083333333331
-0.0,0.015332,3.104793,5.980005000000006,0.7666000000000001,-1.686558333333325
-0.0,0.021465,3.089461,5.989999999999981,0.5877583333333333,-1.5331916666666445
-0.0,0.027598,3.074129,5.999996999999979,0.6387916666666669,-1.4054583333333501
-0.0,0.03373,3.061863,6.010007999999999,0.4599500000000003,-1.0477000000000145
-0.0,0.036797,3.052664,6.020004999999998,0.28109999999999974,-0.9454499999999996
-0.0,0.039863,3.043465,6.030000000000001,0.33219999999999983,-0.6132416666666751
-0.0,0.04293,3.040399,6.039997,0.15335833333333318,-0.2810999999999749
-0.0,0.04293,3.037332,6.050007999999991,1.734723475976807e-16,-0.17891666666665457
-0.0,0.04293,3.037332,6.06000499999999,-0.15335833333333354,0.15336666666663223
-0.0,0.039863,3.040399,6.069999999999993,-0.33219999999999983,0.48549999999998317
-0.0,0.036797,3.046531,6.079996999999992,-0.28110000000000007,0.61324166666669
-0.0,0.03373,3.052664,6.090007999999983,-0.45995000000000025,0.7666000000000025
-0.0,0.027598,3.061863,6.100004999999982,-0.638791666666667,0.9199583333333521
-0.0,0.021465,3.071063,6.109999999999985,-0.6133083333333333,1.0477000000000145
-0.0,0.015332,3.083328,6.119996999999984,-0.6133000000000001,1.4309416666666779
-0.0,0.009199,3.09866,6.130008000000004,-0.58775,1.37990833333335
-0.0,0.003066,3.110926,6.140005000000002,-0.7921500000000001,1.3543499999999784
-0.0,-0.006133,3.126258,6.150000000000006,-0.7921583333333335,1.5587499999999754
-0.0,-0.012266,3.14159,6.159997000000004,-0.5876916666666668,1.5587500000000014
-0.0,-0.018398,3.156922,6.170007999999996,-0.6132416666666667,1.3799083333333388
-0.0,-0.024531,3.169188,6.180004999999994,-0.6388666666666666,1.2009916666666585
-0.0,-0.030664,3.181453,6.189999999999998,-0.45994166666666686,1.2521000000000004
-0.0,-0.03373,3.193719,6.199996999999996,-0.28110000000000035,1.0988083333333492
-0.0,-0.036797,3.202918,6.210007999999988,-0.30664999999999976,0.741041666666653
-0.0,-0.039863,3.209051,6.220004999999986,-0.33219999999999983,0.5877500000000018
-0.0,-0.04293,3.215184,6.22999999999999,-0.15335833333333318,0.6644083333333328
-0.0,-0.04293,3.221317,6.239996999999988,0.02555833333333351,0.3066500000000194
-0.0,-0.04293,3.221317,6.25000799999998,-0.02555833333333351,-0.051108333333327316
-0.0,-0.04293,3.221317,6.260004999999978,0.15335833333333354,0.025558333333323507
-0.0,-0.039863,3.221317,6.269999999999982,0.33219999999999983,-0.12780000000000385
-0.0,-0.036797,3.21825,6.27999699999998,0.28110000000000007,-0.4855666666666444
-0.0,-0.03373,3.212117,6.290008,0.48550000000000015,-0.6132333333333037
-0.0,-0.027598,3.205985,6.300004999999999,0.4599416666666668,-0.7665999999999914
-0.0,-0.024531,3.196785,6.310000000000002,0.4344666666666666,-0.9455166666666756
-0.0,-0.018398,3.187586,6.319997000000001,0.6643416666666667,-0.9198916666666761
-0.0,-0.012266,3.178387,6.330007999999992,0.43439166666666673,-0.8943416666666723
-0.0,-0.009199,3.169188,6.340004999999991,0.43446666666666683,-1.0988083333333307
-0.0,-0.003066,3.156922,6.349999999999994,0.6643416666666668,-1.073249999999996
-0.0,0.003066,3.147723,6.359996999999993,0.43439166666666673,-1.0732499999999738
-0.0,0.006133,3.135457,6.370007999999984,0.46001666666666674,-1.0988083333333492
-0.0,0.012266,3.126258,6.380004999999983,0.4599416666666667,-0.8943416666666797
-0.0,0.015332,3.117059,6.389999999999986,0.4599500000000001,-0.9454499999999959
-0.0,0.021465,3.10786,6.399996999999985,0.5110583333333334,-0.7666000000000099
-0.0,0.024531,3.101727,6.410008000000005,0.1021833333333332,-0.5877499999999943
-0.0,0.024531,3.095594,6.420005000000003,0.15335833333333326,-0.6388583333333216
-0.0,0.027598,3.089461,6.429999999999978,0.17890833333333328,-0.4855000000000091
-0.0,0.027598,3.086395,6.439997000000005,-0.025558333333333422,-0.12774166666666237
-0.0,0.027598,3.086395,6.450007999999997,0.025558333333333367,0.025550000000003813
-0.0,0.027598,3.086395,6.460004999999995,-0.17890833333333334,-0.02555000000000011
-0.0,0.024531,3.086395,6.469999999999999,-0.15335833333333346,0.15329166666665506
-0.0,0.024531,3.089461,6.479996999999997,-0.12773333333333325,0.3322083333333281
-0.0,0.021465,3.092528,6.490007999999989,-0.33220833333333344,0.28110000000000823
-0.0,0.018398,3.095594,6.500004999999987,-0.3066583333333334,0.4599416666666597
-0.0,0.015332,3.101727,6.509999999999991,-0.28103333333333336,0.6388666666666636
-0.0,0.012266,3.10786,6.519996999999989,-0.48550000000000004,0.6132416666666973
-0.0,0.006133,3.113992,6.530007999999981,-0.4855666666666667,0.5876916666666454
-0.0,0.003066,3.120125,6.540004999999979,-0.28110000000000007,0.7921583333333371
-0.0,-0.0,3.129324,6.549999999999983,-0.3065833333333334,0.7666000000000136
-0.0,-0.003066,3.135457,6.559996999999981,-0.30665833333333337,0.7665999999999951
-0.0,-0.006133,3.144656,6.570008000000001,-0.30665000000000003,0.79215000000001
-0.0,-0.009199,3.150789,6.580005,-0.30665000000000003,0.5877499999999943
-0.0,-0.012266,3.156922,6.590000000000003,-0.3322083333333333,0.6133000000000055
-0.0,-0.015332,3.163055,6.599997000000002,-0.12774166666666664,0.6388583333333661
-0.0,-0.015332,3.169188,6.6100079999999934,-0.15330000000000008,0.4599500000000164
-0.0,-0.018398,3.172254,6.620004999999992,-0.1788500000000001,0.2810333333333285
-0.0,-0.018398,3.17532,6.6299999999999955,0.02554999999999998,0.3322083333333096
-0.0,-0.018398,3.178387,6.639996999999994,-2.891205793294679e-17,0.15335833333330884
-0.0,-0.018398,3.178387,6.6500079999999855,-0.02554999999999991,-0.02555833333333831
-0.0,-0.018398,3.178387,6.660004999999984,0.17885000000000006,-7.401486830834377e-15
-0.0,-0.015332,3.178387,6.6699999999999875,0.17885000000000006,0.02555833333333831
-0.0,-0.015332,3.178387,6.679996999999986,-0.05110000000000002,-0.15335833333330515
-0.0,-0.015332,3.17532,6.690008000000006,0.15329166666666663,-0.33220833333333183
-0.0,-0.012266,3.172254,6.700005000000004,0.35775833333333334,-0.30658333333333976
-0.0,-0.009199,3.169188,6.7099999999999795,0.12780833333333336,-0.3066583333333428
-0.0,-0.009199,3.166121,6.719996999999978,0.12773333333333334,-0.3066499999999972
-0.0,-0.006133,3.163055,6.730007999999998,0.3577583333333334,-0.28110000000001933
-0.0,-0.003066,3.159988,6.7400049999999965,0.12780833333333336,-0.4854999999999795
-0.0,-0.003066,3.153856,6.75,0.1277416666666667,-0.4599416666666597
-0.0,-0.0,3.150789,6.7599969999999985,0.3577,-0.46001666666669605
-0.0,0.003066,3.144656,6.77000799999999,0.1277416666666667,-0.4855000000000128
-0.0,0.003066,3.14159,6.7800049999999885,0.15335833333333337,-0.2810333333333248
-0.0,0.006133,3.138524,6.7900009999999895,0.15335833333333337,-0.3066583333333317
-0.0,0.006133,3.135457,6.799995999999993,0.1532916666666667,-0.3066499999999861
-0.0,0.009199,3.132391,6.81000499999999,0.17885,-0.306650000000012
-0.0,0.009199,3.129324,6.819999999999993,-0.02554999999999999,-0.33220833333334293
-0.0,0.009199,3.126258,6.829996999999992,1.4456028966473393e-17,-0.12774166666666237
-0.0,0.009199,3.126258,6.840007999999983,0.02555000000000001,-0.15329999999999697
-0.0,0.009199,3.123192,6.850004999999982,-0.17885,-0.17884999999999707
-0.0,0.006133,3.123192,6.859999999999985,-0.17885,0.025550000000003813
-0.0,0.006133,3.123192,6.869996999999984,0.02555000000000001,3.700743415417189e-15
-0.0,0.006133,3.123192,6.880008000000004,7.228014483236697e-18,3.700743415417189e-15
-0.0,0.006133,3.123192,6.890005000000002,0.025558333333333343,3.700743415417189e-15
-0.0,0.006133,3.123192,6.900000000000006,-0.17890833333333336,-0.02555000000000011
-0.0,0.003066,3.123192,6.909997000000004,-0.17890833333333336,0.1788500000000008
-0.0,0.003066,3.126258,6.920007999999996,0.05110833333333334,0.15329999999999697
-0.0,0.003066,3.126258,6.930004999999994,-0.17885,0.15329999999999697
-0.0,-0.0,3.129324,6.939999999999998,-0.17885,0.15329166666665137
-0.0,-0.0,3.129324,6.949996999999996,0.025550000000000003,0.15335833333335697
-0.0,-0.0,3.132391,6.960007999999988,0.025550000000000003,0.15335833333335325
-0.0,-0.0,3.132391,6.970004999999986,-0.17885,0.12773333333333156
-0.0,-0.003066,3.135457,6.97999999999999,-0.17885,0.3577583333333134
-0.0,-0.003066,3.138524,6.989996999999988,0.025549999999999996,0.12780833333330874
-0.0,-0.003066,3.138524,7.00000799999998,-7.228014483236697e-18,0.15329166666666247
-0.0,-0.003066,3.14159,7.010004999999978,-7.228014483236697e-18,0.17884999999999338
-0.0,-0.003066,3.14159,7.019999999999982,-7.228014483236697e-18,-0.051100000000011324
-0.0,-0.003066,3.14159,7.02999699999998,-7.228014483236697e-18,0.17884999999998968
-0.0,-0.003066,3.144656,7.040008,-7.228014483236697e-18,0.17884999999998968
-0.0,-0.003066,3.144656,7.050004999999999,-7.228014483236697e-18,-0.051108333333327316
-0.0,-0.003066,3.144656,7.060000000000002,-7.228014483236697e-18,0.17890833333334966
-0.0,-0.003066,3.147723,7.069997000000001,-7.228014483236697e-18,0.17890833333334966
-0.0,-0.003066,3.147723,7.080007999999992,-7.228014483236697e-18,-0.05110833333333102
-0.0,-0.003066,3.147723,7.090004999999991,-7.228014483236697e-18,0.17885000000000448
-0.0,-0.003066,3.150789,7.099999999999994,-7.228014483236697e-18,0.17885000000000448
-0.0,-0.003066,3.150789,7.109996999999993,-7.228014483236697e-18,-0.02554999999999641
-0.0,-0.003066,3.150789,7.120007999999984,-7.228014483236697e-18,3.700743415417189e-15
-0.0,-0.003066,3.150789,7.130004999999983,-7.228014483236697e-18,-0.02555833333334201
-0.0,-0.003066,3.150789,7.139999999999986,-7.228014483236697e-18,0.17890833333333486
-0.0,-0.003066,3.153856,7.149996999999985,-7.228014483236697e-18,0.17890833333333486
-0.0,-0.003066,3.153856,7.160008000000005,-7.228014483236697e-18,-0.02555833333334201
-0.0,-0.003066,3.153856,7.170005000000003,-7.228014483236697e-18,-7.401486830834377e-15
-0.0,-0.003066,3.153856,7.179999999999978,-7.228014483236697e-18,0.02555833333333831
-0.0,-0.003066,3.153856,7.189997000000005,-7.228014483236697e-18,-0.17890833333333855
-0.0,-0.003066,3.150789,7.200007999999997,-7.228014483236697e-18,-0.17890833333333855
-0.0,-0.003066,3.150789,7.210004999999995,-7.228014483236697e-18,0.02555833333333831
-0.0,-0.003066,3.150789,7.219999999999999,-7.228014483236697e-18,3.700743415417189e-15
-0.0,-0.003066,3.150789,7.229996999999997,-7.228014483236697e-18,0.02555000000000751
-0.0,-0.003066,3.150789,7.240007999999989,-7.228014483236697e-18,-0.17884999999999338
-0.0,-0.003066,3.147723,7.250004999999987,-7.228014483236697e-18,-0.17884999999999338
-0.0,-0.003066,3.147723,7.259999999999991,-7.228014483236697e-18,0.05110833333332362
-0.0,-0.003066,3.147723,7.269996999999989,-7.228014483236697e-18,-0.17890833333335338
-0.0,-0.003066,3.144656,7.280007999999981,-7.228014483236697e-18,-0.17890833333335338
-0.0,-0.003066,3.144656,7.290004999999979,-7.228014483236697e-18,0.051108333333327316
-0.0,-0.003066,3.144656,7.299999999999983,-7.228014483236697e-18,-0.17885000000000817
-0.0,-0.003066,3.14159,7.309996999999981,-7.228014483236697e-18,-0.17885000000000817
-0.0,-0.003066,3.14159,7.320008000000001,-7.228014483236697e-18,0.05109999999999652
-0.0,-0.003066,3.14159,7.330005,-7.228014483236697e-18,-0.17885000000000448
-0.0,-0.003066,3.138524,7.340000000000003,-7.228014483236697e-18,-0.15329166666665878
-0.0,-0.003066,3.138524,7.349997000000002,-7.228014483236697e-18,-0.15335833333330515
-0.0,-0.003066,3.135457,7.3600079999999934,-7.228014483236697e-18,-0.17890833333330525
-0.0,-0.003066,3.135457,7.370004999999992,-7.228014483236697e-18,0.02555833333334201
-0.0,-0.003066,3.135457,7.3799999999999955,-7.228014483236697e-18,0.025549999999985307
-0.0,-0.003066,3.135457,7.389996999999994,-7.228014483236697e-18,-0.17884999999998596
-0.0,-0.003066,3.132391,7.4000079999999855,-7.228014483236697e-18,-0.17884999999998596
-0.0,-0.003066,3.132391,7.410004999999984,-7.228014483236697e-18,0.025550000000014915
-0.0,-0.003066,3.132391,7.4199999999999875,-7.228014483236697e-18,1.4802973661668755e-14
-0.0,-0.003066,3.132391,7.429996999999986,0.0,0.0
-0.0,-0.003066,3.132391,7.440008000000006,0.0,0.0
